{"cameraMode":{"drawMode":0,"name":"Shaded","section":"Shading Mode"},"sceneLighting":true,"audioPlay":false,"sceneViewState":{"m_AlwaysRefresh":false,"showFog":true,"showSkybox":true,"showFlares":true,"showImageEffects":true,"showParticleSystems":true,"showVisualEffectGraphs":true,"m_FxEnabled":true},"in2DMode":false,"pivot":{"x":5.986259460449219,"y":6.005861282348633,"z":51.663978576660159},"rotation":{"x":-0.06483986973762512,"y":-0.20596006512641908,"z":0.013651058077812195,"w":-0.9763402938842773},"size":4.562016010284424,"orthographic":true}